"Commit","Added","Deleted"
"51dbb85 | Ali Saker | 2026-07-20 | added add contact modal","11671","770"
"007c710 | Ali Saker | 2026-07-13 | switched location from company to country","50","34"
"7efeb8b | Ali Saker | 2026-07-10 | created transfer between employees","413","1768"
"4f8e25c | Ali Saker | 2026-07-09 | created db select","539","757"
"7ceed73 | Ali Saker | 2026-07-07 | connected db to hr","787","238"
"76804ae | Ali Saker | 2026-07-03 | fixed some ui issues","1002","578"
"744a048 | Ali Saker | 2026-07-01 | enhanced report page design","1253","519"
"1b81846 | Ali Saker | 2026-06-30 | added reports","1050","19"
"79e2f80 | Ali Saker | 2026-06-30 | fixed inventory and added status","334","16"
"b0ca3a8 | Ali Saker | 2026-06-30 | added status active","1174","420"
"0d6cbac | Ali Saker | 2026-05-26 | Stop tracking build output and secrets; add config template","33","3076"
"e26edae | Ali Saker | 2026-05-26 | added inventory","1995","733"
"939b6a2 | Ali Saker | 2026-05-15 | enhance full design","1766","9367"
"ab747c1 | Ali Saker | 2026-05-11 | added db","13334","56"
"c099e7f | AliSaker1999 | 2026-04-30 | Lookups","33","12"
"7ada73d | AliSaker1999 | 2026-04-29 | first commit","5358","0"
